{
  "id": "3861873",
  "name": "商城 UI 3.0",
  "font_family": "iconfont",
  "css_prefix_text": "icon-",
  "description": "",
  "glyphs": [
    {
      "icon_id": "41167616",
      "name": "下移-01",
      "font_class": "xiayi-01",
      "unicode": "e62f",
      "unicode_decimal": 58927
    },
    {
      "icon_id": "41167617",
      "name": "禁用-01",
      "font_class": "jinyong-01",
      "unicode": "e630",
      "unicode_decimal": 58928
    },
    {
      "icon_id": "41167619",
      "name": "上移-01",
      "font_class": "shangyi-01",
      "unicode": "e631",
      "unicode_decimal": 58929
    },
    {
      "icon_id": "41167637",
      "name": "启用-01",
      "font_class": "qiyong-01",
      "unicode": "e632",
      "unicode_decimal": 58930
    },
    {
      "icon_id": "41167816",
      "name": "商品管理",
      "font_class": "shangpinguanli",
      "unicode": "e636",
      "unicode_decimal": 58934
    },
    {
      "icon_id": "41167818",
      "name": "订单管理",
      "font_class": "dingdanguanli1",
      "unicode": "e635",
      "unicode_decimal": 58933
    },
    {
      "icon_id": "41167819",
      "name": "营销中心",
      "font_class": "yingxiaozhongxin",
      "unicode": "e633",
      "unicode_decimal": 58931
    },
    {
      "icon_id": "41167822",
      "name": "导购业绩",
      "font_class": "daogouyeji",
      "unicode": "e634",
      "unicode_decimal": 58932
    },
    {
      "icon_id": "41167823",
      "name": "系统设置",
      "font_class": "xitongshezhi",
      "unicode": "e637",
      "unicode_decimal": 58935
    },
    {
      "icon_id": "41167824",
      "name": "用户管理",
      "font_class": "yonghuguanli",
      "unicode": "e638",
      "unicode_decimal": 58936
    },
    {
      "icon_id": "41167825",
      "name": "消息配置",
      "font_class": "xiaoxipeizhi",
      "unicode": "e639",
      "unicode_decimal": 58937
    },
    {
      "icon_id": "41167826",
      "name": "容器",
      "font_class": "rongqi",
      "unicode": "e63a",
      "unicode_decimal": 58938
    },
    {
      "icon_id": "41167827",
      "name": "优惠券",
      "font_class": "youhuiquan",
      "unicode": "e63b",
      "unicode_decimal": 58939
    },
    {
      "icon_id": "41168029",
      "name": "文章管理-01",
      "font_class": "wenzhangguanli-01",
      "unicode": "e63c",
      "unicode_decimal": 58940
    },
    {
      "icon_id": "41168030",
      "name": "提现申请-01",
      "font_class": "tixianshenqing-01",
      "unicode": "e63d",
      "unicode_decimal": 58941
    },
    {
      "icon_id": "41168095",
      "name": "导购管理-01",
      "font_class": "daogouguanli-01",
      "unicode": "e63e",
      "unicode_decimal": 58942
    },
    {
      "icon_id": "41168151",
      "name": "分销管理-01",
      "font_class": "fenxiaoguanli-01",
      "unicode": "e63f",
      "unicode_decimal": 58943
    },
    {
      "icon_id": "41168153",
      "name": "售后管理-01",
      "font_class": "shouhouguanli-01",
      "unicode": "e640",
      "unicode_decimal": 58944
    },
    {
      "icon_id": "41167350",
      "name": "专属导购_phone",
      "font_class": "zhuanshudaogou_phone",
      "unicode": "e629",
      "unicode_decimal": 58921
    },
    {
      "icon_id": "41167349",
      "name": "门店-门店业绩",
      "font_class": "mendian-mendianyeji",
      "unicode": "e62a",
      "unicode_decimal": 58922
    },
    {
      "icon_id": "41167343",
      "name": "门店-业绩订单",
      "font_class": "mendian-yejidingdan",
      "unicode": "e62b",
      "unicode_decimal": 58923
    },
    {
      "icon_id": "41167345",
      "name": "专属导购_location2",
      "font_class": "zhuanshudaogou_location2",
      "unicode": "e62c",
      "unicode_decimal": 58924
    },
    {
      "icon_id": "41167342",
      "name": "门店-专属客户",
      "font_class": "mendian-zhuanshukehu",
      "unicode": "e62d",
      "unicode_decimal": 58925
    },
    {
      "icon_id": "41167341",
      "name": "专属导购_clock",
      "font_class": "zhuanshudaogou_clock",
      "unicode": "e62e",
      "unicode_decimal": 58926
    },
    {
      "icon_id": "41090849",
      "name": "ic_jinxingzhong",
      "font_class": "ic_jinxingzhong",
      "unicode": "e833",
      "unicode_decimal": 59443
    },
    {
      "icon_id": "41069430",
      "name": "ic_fapiao2",
      "font_class": "ic_sort2",
      "unicode": "e832",
      "unicode_decimal": 59442
    },
    {
      "icon_id": "41060485",
      "name": "ic_jindu2",
      "font_class": "ic_jindu2",
      "unicode": "e82f",
      "unicode_decimal": 59439
    },
    {
      "icon_id": "41060486",
      "name": "ic_jindu1",
      "font_class": "ic_jindu1",
      "unicode": "e830",
      "unicode_decimal": 59440
    },
    {
      "icon_id": "40997549",
      "name": "ic_user2",
      "font_class": "ic_user2",
      "unicode": "e82d",
      "unicode_decimal": 59437
    },
    {
      "icon_id": "6463462",
      "name": "已拒绝",
      "font_class": "yijujue",
      "unicode": "e741",
      "unicode_decimal": 59201
    },
    {
      "icon_id": "7563099",
      "name": "拼团成功",
      "font_class": "pintuanchenggong",
      "unicode": "e6f9",
      "unicode_decimal": 59129
    },
    {
      "icon_id": "7563100",
      "name": "拼团失败",
      "font_class": "pintuanshibai",
      "unicode": "e6fa",
      "unicode_decimal": 59130
    },
    {
      "icon_id": "10987569",
      "name": "退款中",
      "font_class": "tuikuanzhong1",
      "unicode": "e803",
      "unicode_decimal": 59395
    },
    {
      "icon_id": "10987570",
      "name": "退款失败",
      "font_class": "tuikuanshibai",
      "unicode": "e804",
      "unicode_decimal": 59396
    },
    {
      "icon_id": "10987571",
      "name": "退款成功",
      "font_class": "tuikuanchenggong",
      "unicode": "e805",
      "unicode_decimal": 59397
    },
    {
      "icon_id": "15693084",
      "name": "退款中",
      "font_class": "tuikuanzhong11",
      "unicode": "e744",
      "unicode_decimal": 59204
    },
    {
      "icon_id": "17966686",
      "name": "已完成",
      "font_class": "yiwancheng",
      "unicode": "e745",
      "unicode_decimal": 59205
    },
    {
      "icon_id": "18943158",
      "name": "已退款",
      "font_class": "yituikuan11",
      "unicode": "e747",
      "unicode_decimal": 59207
    },
    {
      "icon_id": "22332103",
      "name": "待退货",
      "font_class": "daituihuo11",
      "unicode": "e752",
      "unicode_decimal": 59218
    },
    {
      "icon_id": "22332104",
      "name": "申请中",
      "font_class": "shenqingzhong",
      "unicode": "e756",
      "unicode_decimal": 59222
    },
    {
      "icon_id": "33469256",
      "name": "已取消",
      "font_class": "yiquxiao",
      "unicode": "e831",
      "unicode_decimal": 59441
    },
    {
      "icon_id": "15318957",
      "name": "退货中",
      "font_class": "tuihuozhong",
      "unicode": "e64f",
      "unicode_decimal": 58959
    },
    {
      "icon_id": "15318958",
      "name": "审核中",
      "font_class": "shenhezhong1",
      "unicode": "e650",
      "unicode_decimal": 58960
    },
    {
      "icon_id": "28130604",
      "name": "订单管理",
      "font_class": "dingdanguanli",
      "unicode": "e7d5",
      "unicode_decimal": 59349
    },
    {
      "icon_id": "28130605",
      "name": "客服记录",
      "font_class": "kefujilu",
      "unicode": "e7ee",
      "unicode_decimal": 59374
    },
    {
      "icon_id": "28130607",
      "name": "订单核销",
      "font_class": "dingdanhexiao",
      "unicode": "e7ef",
      "unicode_decimal": 59375
    },
    {
      "icon_id": "28130678",
      "name": "商家管理",
      "font_class": "shangjiaguanli",
      "unicode": "e7f0",
      "unicode_decimal": 59376
    },
    {
      "icon_id": "40914955",
      "name": "ic_key",
      "font_class": "ic_key",
      "unicode": "e826",
      "unicode_decimal": 59430
    },
    {
      "icon_id": "1141383",
      "name": "关闭",
      "font_class": "iconfontguanbi",
      "unicode": "e643",
      "unicode_decimal": 58947
    },
    {
      "icon_id": "4943660",
      "name": "对号",
      "font_class": "duihao2",
      "unicode": "e601",
      "unicode_decimal": 58881
    },
    {
      "icon_id": "40872096",
      "name": "ic_friends",
      "font_class": "ic_friends",
      "unicode": "e824",
      "unicode_decimal": 59428
    },
    {
      "icon_id": "40872097",
      "name": "ic_camera",
      "font_class": "ic_camera2",
      "unicode": "e825",
      "unicode_decimal": 59429
    },
    {
      "icon_id": "40861445",
      "name": "ic_order",
      "font_class": "ic_order1",
      "unicode": "e823",
      "unicode_decimal": 59427
    },
    {
      "icon_id": "40861403",
      "name": "ic_QR code2",
      "font_class": "ic_QRcode2",
      "unicode": "e822",
      "unicode_decimal": 59426
    },
    {
      "icon_id": "40861379",
      "name": "ic_ ranking",
      "font_class": "ic_ranking",
      "unicode": "e81e",
      "unicode_decimal": 59422
    },
    {
      "icon_id": "40861380",
      "name": "ic_statistics",
      "font_class": "ic_statistics",
      "unicode": "e81f",
      "unicode_decimal": 59423
    },
    {
      "icon_id": "40861383",
      "name": "ic_crown2",
      "font_class": "ic_crown2",
      "unicode": "e821",
      "unicode_decimal": 59425
    },
    {
      "icon_id": "40787474",
      "name": "ic_yilingqu",
      "font_class": "ic_yilingqu",
      "unicode": "e81a",
      "unicode_decimal": 59418
    },
    {
      "icon_id": "40793197",
      "name": "ic_Shopping Bag2",
      "font_class": "a-ic_ShoppingBag2",
      "unicode": "e81b",
      "unicode_decimal": 59419
    },
    {
      "icon_id": "39384066",
      "name": "ic_picture",
      "font_class": "a-ic_picture1",
      "unicode": "e7b0",
      "unicode_decimal": 59312
    },
    {
      "icon_id": "40786751",
      "name": "ic_pencil",
      "font_class": "ic_pencil",
      "unicode": "e816",
      "unicode_decimal": 59414
    },
    {
      "icon_id": "40786981",
      "name": "ic_leaf",
      "font_class": "ic_leaf",
      "unicode": "e817",
      "unicode_decimal": 59415
    },
    {
      "icon_id": "40731632",
      "name": "ic_card",
      "font_class": "ic_card",
      "unicode": "e813",
      "unicode_decimal": 59411
    },
    {
      "icon_id": "40735449",
      "name": "ic_ban",
      "font_class": "ic_ban1",
      "unicode": "e814",
      "unicode_decimal": 59412
    },
    {
      "icon_id": "40726560",
      "name": "ic_fapiao",
      "font_class": "ic_fapiao",
      "unicode": "e811",
      "unicode_decimal": 59409
    },
    {
      "icon_id": "40722420",
      "name": "ic_left",
      "font_class": "ic_left",
      "unicode": "e80f",
      "unicode_decimal": 59407
    },
    {
      "icon_id": "40722823",
      "name": "ic_location2",
      "font_class": "ic_location2",
      "unicode": "e810",
      "unicode_decimal": 59408
    },
    {
      "icon_id": "40720582",
      "name": "ic_menu3",
      "font_class": "ic_menu3",
      "unicode": "e80e",
      "unicode_decimal": 59406
    },
    {
      "icon_id": "40718172",
      "name": "ic_close",
      "font_class": "ic_close2",
      "unicode": "e80d",
      "unicode_decimal": 59405
    },
    {
      "icon_id": "40717899",
      "name": "ic_Shopping Cart2",
      "font_class": "a-ic_ShoppingCart23",
      "unicode": "e80b",
      "unicode_decimal": 59403
    },
    {
      "icon_id": "40705148",
      "name": "ic_more2",
      "font_class": "ic_more2",
      "unicode": "e7ff",
      "unicode_decimal": 59391
    },
    {
      "icon_id": "39383991",
      "name": "ic_share1",
      "font_class": "ic_share1",
      "unicode": "e7af",
      "unicode_decimal": 59311
    },
    {
      "icon_id": "39279364",
      "name": "ic_love",
      "font_class": "ic_love",
      "unicode": "e791",
      "unicode_decimal": 59281
    },
    {
      "icon_id": "40687453",
      "name": "ic_ crown",
      "font_class": "a-ic_crown",
      "unicode": "e7fd",
      "unicode_decimal": 59389
    },
    {
      "icon_id": "40673886",
      "name": "ic_wechat pay",
      "font_class": "a-ic_wechatpay",
      "unicode": "e7f6",
      "unicode_decimal": 59382
    },
    {
      "icon_id": "40673887",
      "name": "ic_offline pay",
      "font_class": "a-ic_offlinepay",
      "unicode": "e7f7",
      "unicode_decimal": 59383
    },
    {
      "icon_id": "40673888",
      "name": "ic_ali pay",
      "font_class": "a-ic_alipay",
      "unicode": "e7f8",
      "unicode_decimal": 59384
    },
    {
      "icon_id": "40677043",
      "name": "ic_list",
      "font_class": "ic_list",
      "unicode": "e7fa",
      "unicode_decimal": 59386
    },
    {
      "icon_id": "40677330",
      "name": "ic_ali pay2",
      "font_class": "a-ic_alipay2",
      "unicode": "e7fb",
      "unicode_decimal": 59387
    },
    {
      "icon_id": "40682768",
      "name": "ic_home",
      "font_class": "ic_home",
      "unicode": "e7fc",
      "unicode_decimal": 59388
    },
    {
      "icon_id": "40252916",
      "name": "ic_electromobile",
      "font_class": "ic_electromobile",
      "unicode": "e60e",
      "unicode_decimal": 58894
    },
    {
      "icon_id": "40253498",
      "name": "ic_shop",
      "font_class": "ic_shop1",
      "unicode": "e611",
      "unicode_decimal": 58897
    },
    {
      "icon_id": "39924343",
      "name": "ic_talk_2",
      "font_class": "ic_talk_2",
      "unicode": "e7c7",
      "unicode_decimal": 59335
    },
    {
      "icon_id": "39924351",
      "name": "ic_love_2",
      "font_class": "ic_love_2",
      "unicode": "e7c8",
      "unicode_decimal": 59336
    },
    {
      "icon_id": "39924353",
      "name": "ic_camera",
      "font_class": "ic_camera1",
      "unicode": "e7c9",
      "unicode_decimal": 59337
    },
    {
      "icon_id": "39924354",
      "name": "icon_ban",
      "font_class": "icon_ban",
      "unicode": "e7ca",
      "unicode_decimal": 59338
    },
    {
      "icon_id": "39924355",
      "name": "ic_clock2",
      "font_class": "icon_clock-2",
      "unicode": "e7cb",
      "unicode_decimal": 59339
    },
    {
      "icon_id": "39924356",
      "name": "ic_promotion",
      "font_class": "ic_promotion",
      "unicode": "e7cc",
      "unicode_decimal": 59340
    },
    {
      "icon_id": "39924357",
      "name": "ic_card",
      "font_class": "icon_card",
      "unicode": "e7cd",
      "unicode_decimal": 59341
    },
    {
      "icon_id": "39924362",
      "name": "ic-phone",
      "font_class": "a-icon_phonenumber",
      "unicode": "e7cf",
      "unicode_decimal": 59343
    },
    {
      "icon_id": "39924363",
      "name": "ic_content classification",
      "font_class": "a-icon_contentclassification",
      "unicode": "e7d0",
      "unicode_decimal": 59344
    },
    {
      "icon_id": "39924364",
      "name": "ic_Score increase",
      "font_class": "a-icon_Scoreincrease",
      "unicode": "e7d1",
      "unicode_decimal": 59345
    },
    {
      "icon_id": "39924365",
      "name": "ic_copy",
      "font_class": "icon_copy",
      "unicode": "e7d2",
      "unicode_decimal": 59346
    },
    {
      "icon_id": "39924366",
      "name": "ic_picture",
      "font_class": "icon_picture",
      "unicode": "e7d3",
      "unicode_decimal": 59347
    },
    {
      "icon_id": "39924367",
      "name": "ic_question_2",
      "font_class": "icon_question_2",
      "unicode": "e7d4",
      "unicode_decimal": 59348
    },
    {
      "icon_id": "39924369",
      "name": "ic_sale",
      "font_class": "icon_sale",
      "unicode": "e7d6",
      "unicode_decimal": 59350
    },
    {
      "icon_id": "39924370",
      "name": "ic_retern",
      "font_class": "icon_retern",
      "unicode": "e7d7",
      "unicode_decimal": 59351
    },
    {
      "icon_id": "39924371",
      "name": "ic_question",
      "font_class": "icon_question",
      "unicode": "e7d8",
      "unicode_decimal": 59352
    },
    {
      "icon_id": "39924374",
      "name": "ic_video",
      "font_class": "icon_video",
      "unicode": "e7d9",
      "unicode_decimal": 59353
    },
    {
      "icon_id": "39924376",
      "name": "ic_sort2",
      "font_class": "icon_sort-2",
      "unicode": "e7da",
      "unicode_decimal": 59354
    },
    {
      "icon_id": "39924377",
      "name": "ic_right",
      "font_class": "icon_right",
      "unicode": "e7db",
      "unicode_decimal": 59355
    },
    {
      "icon_id": "39924379",
      "name": "ic_share3",
      "font_class": "icon_transmit",
      "unicode": "e7dc",
      "unicode_decimal": 59356
    },
    {
      "icon_id": "39924380",
      "name": "ic_playback",
      "font_class": "icon_playback",
      "unicode": "e7dd",
      "unicode_decimal": 59357
    },
    {
      "icon_id": "39924381",
      "name": "ic_Shopping Bag",
      "font_class": "a-icon_ShoppingBag",
      "unicode": "e7de",
      "unicode_decimal": 59358
    },
    {
      "icon_id": "39924382",
      "name": "ic_menu",
      "font_class": "icon_menu",
      "unicode": "e7df",
      "unicode_decimal": 59359
    },
    {
      "icon_id": "39924385",
      "name": "ic_review",
      "font_class": "icon_review",
      "unicode": "e7e0",
      "unicode_decimal": 59360
    },
    {
      "icon_id": "39924386",
      "name": "ic_Like2",
      "font_class": "icon_Like_2",
      "unicode": "e7e1",
      "unicode_decimal": 59361
    },
    {
      "icon_id": "39924387",
      "name": "ic_sort",
      "font_class": "icon_sort",
      "unicode": "e7e2",
      "unicode_decimal": 59362
    },
    {
      "icon_id": "39924388",
      "name": "ic_share2",
      "font_class": "icon_transmit-2",
      "unicode": "e7e3",
      "unicode_decimal": 59363
    },
    {
      "icon_id": "39924391",
      "name": "ic_team",
      "font_class": "icon_team",
      "unicode": "e7e4",
      "unicode_decimal": 59364
    },
    {
      "icon_id": "39924392",
      "name": "ic_tip",
      "font_class": "icon_tip",
      "unicode": "e7e5",
      "unicode_decimal": 59365
    },
    {
      "icon_id": "39924393",
      "name": "icon_WeChat_1",
      "font_class": "icon_WeChat_1",
      "unicode": "e7e6",
      "unicode_decimal": 59366
    },
    {
      "icon_id": "39924396",
      "name": "ic_Link",
      "font_class": "icon_Link",
      "unicode": "e7e7",
      "unicode_decimal": 59367
    },
    {
      "icon_id": "39924399",
      "name": "ic_talk2",
      "font_class": "icon_talk_2-2",
      "unicode": "e7e8",
      "unicode_decimal": 59368
    },
    {
      "icon_id": "39925454",
      "name": "ic_car",
      "font_class": "ic_receiving1",
      "unicode": "e7e9",
      "unicode_decimal": 59369
    },
    {
      "icon_id": "39925603",
      "name": "ic_Smile",
      "font_class": "icon_Smile",
      "unicode": "e7ea",
      "unicode_decimal": 59370
    },
    {
      "icon_id": "39925693",
      "name": "ic_talk",
      "font_class": "icon_talk",
      "unicode": "e7eb",
      "unicode_decimal": 59371
    },
    {
      "icon_id": "39925769",
      "name": "ic_comment",
      "font_class": "icon_comment",
      "unicode": "e7ec",
      "unicode_decimal": 59372
    },
    {
      "icon_id": "39926329",
      "name": "ic_no picture",
      "font_class": "a-icon_nopicture",
      "unicode": "e7ed",
      "unicode_decimal": 59373
    },
    {
      "icon_id": "39926901",
      "name": "ic_date",
      "font_class": "icon_date",
      "unicode": "e7f1",
      "unicode_decimal": 59377
    },
    {
      "icon_id": "39926955",
      "name": "ic_Alipay",
      "font_class": "icon_Alipay",
      "unicode": "e7f2",
      "unicode_decimal": 59378
    },
    {
      "icon_id": "39927812",
      "name": "ic_clock",
      "font_class": "icon_clock1",
      "unicode": "e7f4",
      "unicode_decimal": 59380
    },
    {
      "icon_id": "39927906",
      "name": "ic_statistics",
      "font_class": "icon_statistics",
      "unicode": "e7f5",
      "unicode_decimal": 59381
    },
    {
      "icon_id": "39935707",
      "name": "ic_truck",
      "font_class": "ic_truck",
      "unicode": "e608",
      "unicode_decimal": 58888
    },
    {
      "icon_id": "39935706",
      "name": "icon_trail car",
      "font_class": "a-icon_trailcar",
      "unicode": "e609",
      "unicode_decimal": 58889
    },
    {
      "icon_id": "39895883",
      "name": "icon_corner mark ",
      "font_class": "a-icon_cornermark",
      "unicode": "e607",
      "unicode_decimal": 58887
    },
    {
      "icon_id": "39890362",
      "name": "icon_clock",
      "font_class": "icon_clock",
      "unicode": "e603",
      "unicode_decimal": 58883
    },
    {
      "icon_id": "39890373",
      "name": "ic_Phone",
      "font_class": "ic_Phone",
      "unicode": "e604",
      "unicode_decimal": 58884
    },
    {
      "icon_id": "39890372",
      "name": "icon_Location",
      "font_class": "icon_Location",
      "unicode": "e605",
      "unicode_decimal": 58885
    },
    {
      "icon_id": "39714767",
      "name": "ic_location5",
      "font_class": "ic_location51",
      "unicode": "e70d",
      "unicode_decimal": 59149
    },
    {
      "icon_id": "39131355",
      "name": "ic_Selected",
      "font_class": "ic_Selected",
      "unicode": "e709",
      "unicode_decimal": 59145
    },
    {
      "icon_id": "39123961",
      "name": "ic_order",
      "font_class": "ic_order",
      "unicode": "e705",
      "unicode_decimal": 59141
    },
    {
      "icon_id": "39123960",
      "name": "ic_staging",
      "font_class": "ic_staging",
      "unicode": "e706",
      "unicode_decimal": 59142
    },
    {
      "icon_id": "39123959",
      "name": "ic_user",
      "font_class": "ic_user1",
      "unicode": "e707",
      "unicode_decimal": 59143
    },
    {
      "icon_id": "39123958",
      "name": "ic_commodity",
      "font_class": "ic_commodity",
      "unicode": "e708",
      "unicode_decimal": 59144
    },
    {
      "icon_id": "39123734",
      "name": "ic_Scan",
      "font_class": "ic_Scan",
      "unicode": "e704",
      "unicode_decimal": 59140
    },
    {
      "icon_id": "39123586",
      "name": "ic_more",
      "font_class": "ic_more",
      "unicode": "e701",
      "unicode_decimal": 59137
    },
    {
      "icon_id": "39118702",
      "name": "ic_notes",
      "font_class": "ic_notes",
      "unicode": "e6fc",
      "unicode_decimal": 59132
    },
    {
      "icon_id": "39118701",
      "name": "ic_batch",
      "font_class": "ic_batch",
      "unicode": "e6fd",
      "unicode_decimal": 59133
    },
    {
      "icon_id": "39000653",
      "name": "ic_location5",
      "font_class": "ic_location5",
      "unicode": "e6c3",
      "unicode_decimal": 59075
    },
    {
      "icon_id": "17372250",
      "name": "ic_send",
      "font_class": "ic_send",
      "unicode": "e6c2",
      "unicode_decimal": 59074
    },
    {
      "icon_id": "18241350",
      "name": "ic_expression",
      "font_class": "ic_expression",
      "unicode": "e70f",
      "unicode_decimal": 59151
    },
    {
      "icon_id": "18241352",
      "name": "ic_picture",
      "font_class": "ic_picture",
      "unicode": "e711",
      "unicode_decimal": 59153
    },
    {
      "icon_id": "38896120",
      "name": "ic_tip1",
      "font_class": "ic_tip1",
      "unicode": "e6c1",
      "unicode_decimal": 59073
    },
    {
      "icon_id": "38853288",
      "name": "ic_coupon",
      "font_class": "ic_coupon",
      "unicode": "e6c0",
      "unicode_decimal": 59072
    },
    {
      "icon_id": "38814470",
      "name": "会员等级",
      "font_class": "huiyuandengji",
      "unicode": "e6bf",
      "unicode_decimal": 59071
    },
    {
      "icon_id": "38691556",
      "name": "ic_daipingji2",
      "font_class": "ic_daipingji2",
      "unicode": "e6bb",
      "unicode_decimal": 59067
    },
    {
      "icon_id": "38691555",
      "name": "ic_daifukuan2",
      "font_class": "ic_daifukuan2",
      "unicode": "e6bc",
      "unicode_decimal": 59068
    },
    {
      "icon_id": "38691554",
      "name": "ic_daifahuo2",
      "font_class": "ic_daifahuo2",
      "unicode": "e6bd",
      "unicode_decimal": 59069
    },
    {
      "icon_id": "38691553",
      "name": "ic_daifahuo",
      "font_class": "ic_daifahuo",
      "unicode": "e6be",
      "unicode_decimal": 59070
    },
    {
      "icon_id": "38691562",
      "name": "ic_daituikuan2",
      "font_class": "ic_daituikuan2",
      "unicode": "e6b3",
      "unicode_decimal": 59059
    },
    {
      "icon_id": "38691560",
      "name": "ic_daituikuan",
      "font_class": "ic_daituikuan",
      "unicode": "e6b4",
      "unicode_decimal": 59060
    },
    {
      "icon_id": "38691561",
      "name": "ic_daishouhuo",
      "font_class": "ic_daishouhuo",
      "unicode": "e6b5",
      "unicode_decimal": 59061
    },
    {
      "icon_id": "38691557",
      "name": "ic_daifukuan",
      "font_class": "ic_daifukuan",
      "unicode": "e6b6",
      "unicode_decimal": 59062
    },
    {
      "icon_id": "38691559",
      "name": "ic_daishouhuo2",
      "font_class": "ic_daishouhuo2",
      "unicode": "e6b9",
      "unicode_decimal": 59065
    },
    {
      "icon_id": "38691558",
      "name": "ic_daipingjia",
      "font_class": "ic_daipingjia",
      "unicode": "e6ba",
      "unicode_decimal": 59066
    },
    {
      "icon_id": "38691545",
      "name": "ic_daishouhuo1",
      "font_class": "ic_daishouhuo1",
      "unicode": "e6b0",
      "unicode_decimal": 59056
    },
    {
      "icon_id": "38691534",
      "name": "ic_daifukuan1",
      "font_class": "ic_daifukuan12",
      "unicode": "e6b7",
      "unicode_decimal": 59063
    },
    {
      "icon_id": "38691533",
      "name": "ic_daifahuo1",
      "font_class": "ic_daifahuo11",
      "unicode": "e6b8",
      "unicode_decimal": 59064
    },
    {
      "icon_id": "38691519",
      "name": "ic_daituikuan1",
      "font_class": "ic_daituikuan1",
      "unicode": "e6b1",
      "unicode_decimal": 59057
    },
    {
      "icon_id": "38691518",
      "name": "ic_daipingjia1",
      "font_class": "ic_daipingjia1",
      "unicode": "e6b2",
      "unicode_decimal": 59058
    },
    {
      "icon_id": "38678185",
      "name": "ic_tanhao",
      "font_class": "a-ic_tanhao1",
      "unicode": "e6a7",
      "unicode_decimal": 59047
    },
    {
      "icon_id": "38678108",
      "name": "ic_lock",
      "font_class": "ic_lock",
      "unicode": "e6af",
      "unicode_decimal": 59055
    },
    {
      "icon_id": "38678055",
      "name": "ic_message",
      "font_class": "ic_message1",
      "unicode": "e6ab",
      "unicode_decimal": 59051
    },
    {
      "icon_id": "38678057",
      "name": "ic_transmit1",
      "font_class": "ic_transmit1",
      "unicode": "e6ac",
      "unicode_decimal": 59052
    },
    {
      "icon_id": "38678056",
      "name": "ic_wechat",
      "font_class": "ic_wechat",
      "unicode": "e6ad",
      "unicode_decimal": 59053
    },
    {
      "icon_id": "38678054",
      "name": "ic_apple",
      "font_class": "ic_apple",
      "unicode": "e6ae",
      "unicode_decimal": 59054
    },
    {
      "icon_id": "38632712",
      "name": "箭头",
      "font_class": "a-jiantou11",
      "unicode": "e6aa",
      "unicode_decimal": 59050
    },
    {
      "icon_id": "38552328",
      "name": "ic_eye",
      "font_class": "ic_eye",
      "unicode": "e6a9",
      "unicode_decimal": 59049
    },
    {
      "icon_id": "38552277",
      "name": "ic_video1",
      "font_class": "ic_video1",
      "unicode": "e6a4",
      "unicode_decimal": 59044
    },
    {
      "icon_id": "38552275",
      "name": "ic_Money2",
      "font_class": "ic_Money2",
      "unicode": "e6a5",
      "unicode_decimal": 59045
    },
    {
      "icon_id": "38552276",
      "name": "ic_gold1",
      "font_class": "ic_gold1",
      "unicode": "e6a6",
      "unicode_decimal": 59046
    },
    {
      "icon_id": "38552273",
      "name": "ic_crown1",
      "font_class": "ic_crown1",
      "unicode": "e6a8",
      "unicode_decimal": 59048
    },
    {
      "icon_id": "38456349",
      "name": "ic_box",
      "font_class": "ic_box",
      "unicode": "e6a3",
      "unicode_decimal": 59043
    },
    {
      "icon_id": "38385850",
      "name": "ic_lock",
      "font_class": "ic_",
      "unicode": "e6a2",
      "unicode_decimal": 59042
    },
    {
      "icon_id": "38190833",
      "name": "ic_badge1",
      "font_class": "ic_badge11",
      "unicode": "e6a1",
      "unicode_decimal": 59041
    },
    {
      "icon_id": "38045820",
      "name": "ic_Money1",
      "font_class": "a-ic_Money111",
      "unicode": "e6a0",
      "unicode_decimal": 59040
    },
    {
      "icon_id": "38001977",
      "name": "ic_copy",
      "font_class": "ic_copy",
      "unicode": "e69f",
      "unicode_decimal": 59039
    },
    {
      "icon_id": "37857961",
      "name": "ic_砍价",
      "font_class": "ic_kanjia",
      "unicode": "e69e",
      "unicode_decimal": 59038
    },
    {
      "icon_id": "37847260",
      "name": "ic_fire",
      "font_class": "ic_fire",
      "unicode": "e69d",
      "unicode_decimal": 59037
    },
    {
      "icon_id": "37724990",
      "name": "ic_Like",
      "font_class": "ic_Like",
      "unicode": "e69c",
      "unicode_decimal": 59036
    },
    {
      "icon_id": "37724867",
      "name": "ic_Eyes",
      "font_class": "ic_Eyes",
      "unicode": "e69b",
      "unicode_decimal": 59035
    },
    {
      "icon_id": "37724868",
      "name": "ic_location4",
      "font_class": "ic_location4",
      "unicode": "e69a",
      "unicode_decimal": 59034
    },
    {
      "icon_id": "37687016",
      "name": "ic_money",
      "font_class": "ic_money",
      "unicode": "e688",
      "unicode_decimal": 59016
    },
    {
      "icon_id": "37687015",
      "name": "ic_QR code",
      "font_class": "a-ic_QRcode",
      "unicode": "e696",
      "unicode_decimal": 59030
    },
    {
      "icon_id": "37687014",
      "name": "ic_set up1",
      "font_class": "a-ic_setup1",
      "unicode": "e697",
      "unicode_decimal": 59031
    },
    {
      "icon_id": "37687013",
      "name": "ic_message3",
      "font_class": "ic_message3",
      "unicode": "e698",
      "unicode_decimal": 59032
    },
    {
      "icon_id": "37687012",
      "name": "ic_Disable",
      "font_class": "ic_Disable",
      "unicode": "e699",
      "unicode_decimal": 59033
    },
    {
      "icon_id": "37685137",
      "name": "ic_up2",
      "font_class": "ic_up2",
      "unicode": "e689",
      "unicode_decimal": 59017
    },
    {
      "icon_id": "37685138",
      "name": "ic_down2",
      "font_class": "ic_down2",
      "unicode": "e68b",
      "unicode_decimal": 59019
    },
    {
      "icon_id": "37685135",
      "name": "ic_right2",
      "font_class": "ic_right2",
      "unicode": "e692",
      "unicode_decimal": 59026
    },
    {
      "icon_id": "37685134",
      "name": "ic_left2",
      "font_class": "ic_left2",
      "unicode": "e695",
      "unicode_decimal": 59029
    },
    {
      "icon_id": "37684584",
      "name": "ic_ discount (1)",
      "font_class": "a-ic_discount1",
      "unicode": "e687",
      "unicode_decimal": 59015
    },
    {
      "icon_id": "37684458",
      "name": "ic_customer service1",
      "font_class": "a-ic_customerservice1",
      "unicode": "e684",
      "unicode_decimal": 59012
    },
    {
      "icon_id": "37684437",
      "name": "ic_horn",
      "font_class": "ic_horn1",
      "unicode": "e67e",
      "unicode_decimal": 59006
    },
    {
      "icon_id": "37683963",
      "name": "ic_Image and text sorting",
      "font_class": "a-ic_Imageandtextsorting",
      "unicode": "e694",
      "unicode_decimal": 59028
    },
    {
      "icon_id": "37683983",
      "name": "ic_badge2",
      "font_class": "ic_badge2",
      "unicode": "e67f",
      "unicode_decimal": 59007
    },
    {
      "icon_id": "37683982",
      "name": "ic_file",
      "font_class": "ic_file",
      "unicode": "e680",
      "unicode_decimal": 59008
    },
    {
      "icon_id": "37683981",
      "name": "ic_gold",
      "font_class": "ic_gold",
      "unicode": "e681",
      "unicode_decimal": 59009
    },
    {
      "icon_id": "37683980",
      "name": "ic_invite",
      "font_class": "ic_invite",
      "unicode": "e682",
      "unicode_decimal": 59010
    },
    {
      "icon_id": "37683976",
      "name": "ic_member1",
      "font_class": "ic_member1",
      "unicode": "e683",
      "unicode_decimal": 59011
    },
    {
      "icon_id": "37683961",
      "name": "ic_crown",
      "font_class": "ic_crown",
      "unicode": "e685",
      "unicode_decimal": 59013
    },
    {
      "icon_id": "37683977",
      "name": "ic_sort",
      "font_class": "ic_sort",
      "unicode": "e686",
      "unicode_decimal": 59014
    },
    {
      "icon_id": "37683975",
      "name": "ic_gift1",
      "font_class": "ic_gift1",
      "unicode": "e68a",
      "unicode_decimal": 59018
    },
    {
      "icon_id": "37683972",
      "name": "ic_badge",
      "font_class": "ic_badge",
      "unicode": "e68c",
      "unicode_decimal": 59020
    },
    {
      "icon_id": "37683965",
      "name": "ic_Refresh",
      "font_class": "ic_Refresh",
      "unicode": "e68d",
      "unicode_decimal": 59021
    },
    {
      "icon_id": "37683971",
      "name": "ic_Picture arrangement",
      "font_class": "a-ic_Picturearrangement",
      "unicode": "e68e",
      "unicode_decimal": 59022
    },
    {
      "icon_id": "37683970",
      "name": "ic_member",
      "font_class": "ic_member",
      "unicode": "e68f",
      "unicode_decimal": 59023
    },
    {
      "icon_id": "37683969",
      "name": "ic_learn1",
      "font_class": "ic_learn1",
      "unicode": "e690",
      "unicode_decimal": 59024
    },
    {
      "icon_id": "37683968",
      "name": "ic_ic_order for goods1",
      "font_class": "a-ic_ic_orderforgoods1",
      "unicode": "e691",
      "unicode_decimal": 59025
    },
    {
      "icon_id": "37683967",
      "name": "ic_badge1",
      "font_class": "ic_badge1",
      "unicode": "e693",
      "unicode_decimal": 59027
    },
    {
      "icon_id": "37581346",
      "name": "ic_location1",
      "font_class": "ic_location1",
      "unicode": "e67d",
      "unicode_decimal": 59005
    },
    {
      "icon_id": "37578526",
      "name": "ic_return goods",
      "font_class": "ic_returnofgoods",
      "unicode": "e67b",
      "unicode_decimal": 59003
    },
    {
      "icon_id": "37578525",
      "name": "ic_return money",
      "font_class": "ic_returnmoney",
      "unicode": "e67c",
      "unicode_decimal": 59004
    },
    {
      "icon_id": "37578519",
      "name": "ic_phone",
      "font_class": "ic_phone",
      "unicode": "e678",
      "unicode_decimal": 59000
    },
    {
      "icon_id": "37578518",
      "name": "ic_QR code",
      "font_class": "ic_QRcode",
      "unicode": "e679",
      "unicode_decimal": 59001
    },
    {
      "icon_id": "37578517",
      "name": "ic_location",
      "font_class": "ic_location",
      "unicode": "e67a",
      "unicode_decimal": 59002
    },
    {
      "icon_id": "37578483",
      "name": "ic_mall",
      "font_class": "ic_mall",
      "unicode": "e676",
      "unicode_decimal": 58998
    },
    {
      "icon_id": "37578482",
      "name": "ic_user1",
      "font_class": "a-ic_user1",
      "unicode": "e677",
      "unicode_decimal": 58999
    },
    {
      "icon_id": "37578420",
      "name": "ic_search",
      "font_class": "ic_search",
      "unicode": "e674",
      "unicode_decimal": 58996
    },
    {
      "icon_id": "37578413",
      "name": "ic_delete",
      "font_class": "ic_delete",
      "unicode": "e675",
      "unicode_decimal": 58997
    },
    {
      "icon_id": "37578148",
      "name": "ic_camera",
      "font_class": "ic_camera",
      "unicode": "e673",
      "unicode_decimal": 58995
    },
    {
      "icon_id": "37578085",
      "name": "ic_edit",
      "font_class": "ic_edit",
      "unicode": "e672",
      "unicode_decimal": 58994
    },
    {
      "icon_id": "37577249",
      "name": "ic_Shopping Cart1",
      "font_class": "ic_ShoppingCart1",
      "unicode": "e671",
      "unicode_decimal": 58993
    },
    {
      "icon_id": "37577194",
      "name": "ic_Complete Select",
      "font_class": "a-ic_CompleteSelect",
      "unicode": "e66f",
      "unicode_decimal": 58991
    },
    {
      "icon_id": "37577193",
      "name": "ic_unselect",
      "font_class": "ic_unselect",
      "unicode": "e670",
      "unicode_decimal": 58992
    },
    {
      "icon_id": "37576030",
      "name": "ic_message",
      "font_class": "ic_message",
      "unicode": "e66e",
      "unicode_decimal": 58990
    },
    {
      "icon_id": "37575972",
      "name": "ic_star",
      "font_class": "ic_star",
      "unicode": "e669",
      "unicode_decimal": 58985
    },
    {
      "icon_id": "37575971",
      "name": "ic_star1",
      "font_class": "ic_star1",
      "unicode": "e66d",
      "unicode_decimal": 58989
    },
    {
      "icon_id": "37575812",
      "name": "ic_close1",
      "font_class": "ic_close1",
      "unicode": "e66a",
      "unicode_decimal": 58986
    },
    {
      "icon_id": "37575811",
      "name": "ic-complete1",
      "font_class": "ic-complete1",
      "unicode": "e66b",
      "unicode_decimal": 58987
    },
    {
      "icon_id": "37575810",
      "name": "ic_enlarge",
      "font_class": "ic_enlarge",
      "unicode": "e66c",
      "unicode_decimal": 58988
    },
    {
      "icon_id": "37575557",
      "name": "ic_Reduce",
      "font_class": "ic_Reduce",
      "unicode": "e667",
      "unicode_decimal": 58983
    },
    {
      "icon_id": "37575556",
      "name": "ic_increase",
      "font_class": "ic_increase",
      "unicode": "e668",
      "unicode_decimal": 58984
    },
    {
      "icon_id": "37575233",
      "name": "ic_close",
      "font_class": "ic_close",
      "unicode": "e665",
      "unicode_decimal": 58981
    },
    {
      "icon_id": "37575232",
      "name": "ic_complete",
      "font_class": "ic_complete",
      "unicode": "e666",
      "unicode_decimal": 58982
    },
    {
      "icon_id": "37575188",
      "name": "ic_clock",
      "font_class": "ic_clock",
      "unicode": "e662",
      "unicode_decimal": 58978
    },
    {
      "icon_id": "37575187",
      "name": "ic_user",
      "font_class": "ic_user",
      "unicode": "e663",
      "unicode_decimal": 58979
    },
    {
      "icon_id": "37575186",
      "name": "ic_sale",
      "font_class": "ic_sale",
      "unicode": "e664",
      "unicode_decimal": 58980
    },
    {
      "icon_id": "37574830",
      "name": "ic_collect",
      "font_class": "ic_collect",
      "unicode": "e65f",
      "unicode_decimal": 58975
    },
    {
      "icon_id": "37574829",
      "name": "ic_Shopping Cart",
      "font_class": "ic_ShoppingCart",
      "unicode": "e660",
      "unicode_decimal": 58976
    },
    {
      "icon_id": "37574828",
      "name": "ic_customer service",
      "font_class": "ic_customerservice",
      "unicode": "e661",
      "unicode_decimal": 58977
    },
    {
      "icon_id": "37574568",
      "name": "ic_right arrow",
      "font_class": "ic_rightarrow",
      "unicode": "e65b",
      "unicode_decimal": 58971
    },
    {
      "icon_id": "37574611",
      "name": "ic_down arrow",
      "font_class": "ic_downarrow",
      "unicode": "e65c",
      "unicode_decimal": 58972
    },
    {
      "icon_id": "37574612",
      "name": "ic_up arrow",
      "font_class": "ic_uparrow",
      "unicode": "e65d",
      "unicode_decimal": 58973
    },
    {
      "icon_id": "37574610",
      "name": "ic_left arrow",
      "font_class": "ic_leftarrow",
      "unicode": "e65e",
      "unicode_decimal": 58974
    }
  ]
}
